timestamp,action,latency_ms,status
2026-07-18 14:02:31.799373+00:00,request_latency,463.57,SUCCESS
2026-07-18 14:02:31.822891+00:00,request_latency,8.99,SUCCESS
2026-07-18 14:02:31.854077+00:00,request_latency,21.12,SUCCESS
2026-07-18 14:02:31.924465+00:00,request_latency,52.99,SUCCESS
2026-07-18 14:02:32.443107+00:00,request_latency,31.2,SUCCESS
2026-07-18 14:02:33.333738+00:00,request_latency,28.84,SUCCESS
2026-07-18 14:02:34.194370+00:00,request_latency,24.95,SUCCESS
2026-07-18 14:02:34.398542+00:00,request_latency,24.73,SUCCESS
2026-07-18 14:02:34.676853+00:00,request_latency,27.74,SUCCESS
2026-07-18 14:02:34.886409+00:00,request_latency,31.54,SUCCESS
2026-07-18 14:02:35.084883+00:00,request_latency,32.23,SUCCESS
2026-07-18 14:02:35.242343+00:00,request_latency,34.53,SUCCESS
2026-07-18 14:02:35.792317+00:00,request_latency,33.37,SUCCESS
2026-07-18 14:02:35.930285+00:00,request_latency,30.51,SUCCESS
2026-07-18 14:02:36.527474+00:00,request_latency,30.69,SUCCESS
2026-07-18 14:02:37.814996+00:00,request_latency,27.66,SUCCESS
2026-07-18 14:02:37.993687+00:00,request_latency,26.91,SUCCESS
2026-07-18 14:02:38.678772+00:00,request_latency,36.18,SUCCESS
2026-07-18 14:02:38.850091+00:00,request_latency,27.42,SUCCESS
2026-07-18 14:02:38.961476+00:00,request_latency,26.6,SUCCESS
2026-07-18 14:02:39.911018+00:00,request_latency,28.14,SUCCESS
2026-07-18 14:02:40.005397+00:00,request_latency,26.81,SUCCESS
2026-07-18 14:02:40.303453+00:00,request_latency,26.07,SUCCESS
2026-07-18 14:02:40.651345+00:00,request_latency,44.77,SUCCESS
2026-07-18 14:02:40.826909+00:00,request_latency,33.97,SUCCESS
2026-07-18 14:02:40.994627+00:00,request_latency,27.13,SUCCESS
2026-07-18 14:02:41.853569+00:00,request_latency,27.97,SUCCESS
2026-07-18 14:02:42.433363+00:00,request_latency,27.17,SUCCESS
2026-07-18 14:02:43.095339+00:00,request_latency,33.26,SUCCESS
2026-07-18 14:02:43.221348+00:00,request_latency,31.8,SUCCESS
2026-07-18 14:02:44.006348+00:00,request_latency,26.25,SUCCESS
2026-07-18 14:02:44.637277+00:00,request_latency,26.42,SUCCESS
2026-07-18 14:02:44.881337+00:00,request_latency,29.2,SUCCESS
2026-07-18 14:02:45.102729+00:00,request_latency,32.76,SUCCESS
2026-07-18 14:02:45.906617+00:00,request_latency,27.51,SUCCESS
2026-07-18 14:02:48.265007+00:00,request_latency,31.61,SUCCESS
2026-07-18 14:02:48.603341+00:00,request_latency,34.72,SUCCESS
2026-07-18 14:02:48.819437+00:00,request_latency,29.61,SUCCESS
2026-07-18 14:02:49.076873+00:00,request_latency,30.52,SUCCESS
2026-07-18 14:02:49.230544+00:00,request_latency,32.08,SUCCESS
2026-07-18 14:02:49.428448+00:00,request_latency,28.12,SUCCESS
2026-07-18 14:02:50.201104+00:00,request_latency,32.32,SUCCESS
2026-07-18 14:02:50.497675+00:00,request_latency,31.58,SUCCESS
2026-07-18 14:02:50.799749+00:00,request_latency,28.39,SUCCESS
2026-07-18 14:02:51.966953+00:00,request_latency,31.68,SUCCESS
2026-07-18 14:02:52.119386+00:00,request_latency,33.19,SUCCESS
2026-07-18 14:02:52.245291+00:00,request_latency,31.93,SUCCESS
2026-07-18 14:02:52.407730+00:00,request_latency,35.07,SUCCESS
2026-07-18 14:02:52.529534+00:00,request_latency,32.79,SUCCESS
2026-07-18 14:02:52.856313+00:00,request_latency,37.27,SUCCESS
2026-07-18 14:02:54.079524+00:00,request_latency,41.68,SUCCESS
2026-07-18 14:02:54.193123+00:00,request_latency,28.2,SUCCESS
2026-07-18 14:02:54.524962+00:00,request_latency,30.79,SUCCESS
2026-07-18 14:02:54.744649+00:00,request_latency,34.71,SUCCESS
2026-07-18 14:02:55.086879+00:00,request_latency,33.36,SUCCESS
2026-07-18 14:02:55.260488+00:00,request_latency,26.11,SUCCESS
2026-07-18 14:02:56.010247+00:00,request_latency,33.21,SUCCESS
2026-07-18 14:02:57.741520+00:00,request_latency,34.75,SUCCESS
2026-07-18 14:02:57.991340+00:00,request_latency,30.29,SUCCESS
2026-07-18 14:02:58.207486+00:00,request_latency,28.04,SUCCESS
2026-07-18 14:02:58.409570+00:00,request_latency,26.84,SUCCESS
2026-07-18 14:02:59.291245+00:00,request_latency,32.64,SUCCESS
2026-07-18 14:02:59.380979+00:00,request_latency,27.48,SUCCESS
2026-07-18 14:03:00.114753+00:00,request_latency,29.23,SUCCESS
2026-07-18 14:03:00.290625+00:00,request_latency,32.92,SUCCESS
2026-07-18 14:03:00.591318+00:00,request_latency,68.04,SUCCESS
2026-07-18 14:03:00.836784+00:00,request_latency,35.04,SUCCESS
2026-07-18 14:03:01.502652+00:00,request_latency,26.36,SUCCESS
2026-07-18 14:03:01.726688+00:00,request_latency,36.02,SUCCESS
2026-07-18 14:03:01.903776+00:00,request_latency,27.5,SUCCESS
2026-07-18 14:03:02.221115+00:00,request_latency,30.08,SUCCESS
2026-07-18 14:03:02.477030+00:00,request_latency,27.59,SUCCESS
2026-07-18 14:03:03.331231+00:00,request_latency,31.8,SUCCESS
2026-07-18 14:03:04.162643+00:00,request_latency,27.05,SUCCESS
2026-07-18 14:03:04.266542+00:00,request_latency,31.39,SUCCESS
2026-07-18 14:03:04.364693+00:00,request_latency,30.64,SUCCESS
2026-07-18 14:03:04.577394+00:00,request_latency,26.18,SUCCESS
2026-07-18 14:03:04.678188+00:00,request_latency,28.63,SUCCESS
2026-07-18 14:03:04.985168+00:00,request_latency,31.48,SUCCESS
2026-07-18 14:03:05.231523+00:00,request_latency,27.17,SUCCESS
2026-07-18 14:03:05.447664+00:00,request_latency,34.0,SUCCESS
2026-07-18 14:03:05.596848+00:00,request_latency,32.07,SUCCESS
2026-07-18 14:03:05.800108+00:00,request_latency,35.87,SUCCESS
2026-07-18 14:03:06.047520+00:00,request_latency,27.12,SUCCESS
2026-07-18 14:03:06.340776+00:00,request_latency,28.1,SUCCESS
2026-07-18 14:03:06.659853+00:00,request_latency,27.38,SUCCESS
2026-07-18 14:03:07.285129+00:00,request_latency,30.77,SUCCESS
2026-07-18 14:03:07.488531+00:00,request_latency,35.43,SUCCESS
2026-07-18 14:03:07.828214+00:00,request_latency,33.29,SUCCESS
2026-07-18 14:03:08.439689+00:00,request_latency,29.18,SUCCESS
2026-07-18 14:03:09.990438+00:00,request_latency,31.87,SUCCESS
2026-07-18 14:03:10.114129+00:00,request_latency,34.76,SUCCESS
2026-07-18 14:03:10.386716+00:00,request_latency,28.01,SUCCESS
2026-07-18 14:03:11.949513+00:00,request_latency,27.18,SUCCESS
2026-07-18 14:03:12.146498+00:00,request_latency,36.26,SUCCESS
2026-07-18 14:03:12.350517+00:00,request_latency,59.47,SUCCESS
2026-07-18 14:03:12.662063+00:00,request_latency,27.01,SUCCESS
2026-07-18 14:03:12.779083+00:00,request_latency,30.96,SUCCESS
2026-07-18 14:03:12.969602+00:00,request_latency,33.13,SUCCESS
2026-07-18 14:03:13.304643+00:00,request_latency,33.13,SUCCESS
2026-07-18 14:03:13.613386+00:00,request_latency,26.5,SUCCESS
2026-07-18 14:03:13.878322+00:00,request_latency,35.78,SUCCESS
2026-07-18 14:03:14.599622+00:00,request_latency,29.19,SUCCESS
2026-07-18 14:03:14.902321+00:00,request_latency,36.25,SUCCESS
2026-07-18 14:03:15.085514+00:00,request_latency,28.96,SUCCESS
2026-07-18 14:03:15.315220+00:00,request_latency,34.11,SUCCESS
2026-07-18 14:03:15.464402+00:00,request_latency,34.02,SUCCESS
2026-07-18 14:03:15.665452+00:00,request_latency,35.46,SUCCESS
2026-07-18 14:03:15.992793+00:00,request_latency,29.58,SUCCESS
2026-07-18 14:03:16.281389+00:00,request_latency,28.04,SUCCESS
2026-07-18 14:03:17.191989+00:00,request_latency,28.07,SUCCESS
2026-07-18 14:03:19.004841+00:00,request_latency,27.73,SUCCESS
2026-07-18 14:03:19.962831+00:00,request_latency,28.97,SUCCESS
2026-07-18 14:03:20.119702+00:00,request_latency,36.2,SUCCESS
2026-07-18 14:03:20.387660+00:00,request_latency,26.95,SUCCESS
2026-07-18 14:03:20.572208+00:00,request_latency,37.68,SUCCESS
2026-07-18 14:03:20.795027+00:00,request_latency,32.68,SUCCESS
2026-07-18 14:03:21.001842+00:00,request_latency,27.15,SUCCESS
2026-07-18 14:03:21.307747+00:00,request_latency,34.81,SUCCESS
2026-07-18 14:03:21.578078+00:00,request_latency,33.09,SUCCESS
2026-07-18 14:03:22.381072+00:00,request_latency,34.55,SUCCESS
2026-07-18 14:03:22.561559+00:00,request_latency,25.66,SUCCESS
2026-07-18 14:03:22.792881+00:00,request_latency,30.01,SUCCESS
2026-07-18 14:03:22.891728+00:00,request_latency,33.88,SUCCESS
2026-07-18 14:03:22.999388+00:00,request_latency,37.32,SUCCESS
2026-07-18 14:03:23.135746+00:00,request_latency,26.96,SUCCESS
2026-07-18 14:03:23.987853+00:00,request_latency,27.27,SUCCESS
2026-07-18 14:03:24.314165+00:00,request_latency,27.41,SUCCESS
2026-07-18 14:03:24.637628+00:00,request_latency,32.63,SUCCESS
2026-07-18 14:03:24.730129+00:00,request_latency,28.02,SUCCESS
2026-07-18 14:03:24.818732+00:00,request_latency,28.42,SUCCESS
2026-07-18 14:03:25.081930+00:00,request_latency,33.26,SUCCESS
2026-07-18 14:03:25.884597+00:00,request_latency,32.04,SUCCESS
2026-07-18 14:03:27.339170+00:00,request_latency,35.01,SUCCESS
2026-07-18 14:03:28.049747+00:00,request_latency,36.66,SUCCESS
2026-07-18 14:03:28.153300+00:00,request_latency,31.61,SUCCESS
2026-07-18 14:03:30.409319+00:00,request_latency,33.38,SUCCESS
2026-07-18 14:03:30.535451+00:00,request_latency,27.01,SUCCESS
2026-07-18 14:03:30.831253+00:00,request_latency,34.49,SUCCESS
2026-07-18 14:03:31.036955+00:00,request_latency,32.58,SUCCESS
2026-07-18 14:03:31.366133+00:00,request_latency,28.15,SUCCESS
2026-07-18 14:03:32.392985+00:00,request_latency,35.47,SUCCESS
2026-07-18 14:03:32.586667+00:00,request_latency,32.1,SUCCESS
2026-07-18 14:03:33.273761+00:00,request_latency,32.68,SUCCESS
2026-07-18 14:03:33.387839+00:00,request_latency,28.59,SUCCESS
2026-07-18 14:03:34.156897+00:00,request_latency,31.75,SUCCESS
2026-07-18 14:03:35.783901+00:00,request_latency,35.17,SUCCESS
2026-07-18 14:03:36.119765+00:00,request_latency,35.46,SUCCESS
2026-07-18 14:03:36.228566+00:00,request_latency,27.22,SUCCESS
2026-07-18 14:03:36.430950+00:00,request_latency,34.17,SUCCESS
2026-07-18 14:03:39.292041+00:00,request_latency,28.43,SUCCESS
2026-07-18 14:03:39.393664+00:00,request_latency,29.0,SUCCESS
2026-07-18 14:03:40.353964+00:00,request_latency,26.69,SUCCESS
2026-07-18 14:03:40.496419+00:00,request_latency,33.67,SUCCESS
2026-07-18 14:03:40.703742+00:00,request_latency,32.98,SUCCESS
2026-07-18 14:03:41.024335+00:00,request_latency,31.25,SUCCESS
2026-07-18 14:03:41.992707+00:00,request_latency,35.54,SUCCESS
2026-07-18 14:03:42.750788+00:00,request_latency,27.79,SUCCESS
2026-07-18 14:03:42.927124+00:00,request_latency,29.75,SUCCESS
2026-07-18 14:03:43.218226+00:00,request_latency,25.99,SUCCESS
2026-07-18 14:03:43.367246+00:00,request_latency,34.04,SUCCESS
2026-07-18 14:03:44.227259+00:00,request_latency,38.61,SUCCESS
2026-07-18 14:03:44.390830+00:00,request_latency,33.16,SUCCESS
2026-07-18 14:03:45.166340+00:00,request_latency,31.14,SUCCESS
2026-07-18 14:03:45.463794+00:00,request_latency,39.62,SUCCESS
2026-07-18 14:03:45.609638+00:00,request_latency,28.27,SUCCESS
2026-07-18 14:03:47.687208+00:00,request_latency,28.03,SUCCESS
2026-07-18 14:03:47.941725+00:00,request_latency,31.55,SUCCESS
2026-07-18 14:03:48.124646+00:00,request_latency,32.77,SUCCESS
2026-07-18 14:03:48.352290+00:00,request_latency,27.85,SUCCESS
2026-07-18 14:03:49.149741+00:00,request_latency,28.11,SUCCESS
2026-07-18 14:03:49.337829+00:00,request_latency,31.9,SUCCESS
2026-07-18 14:03:49.487891+00:00,request_latency,28.1,SUCCESS
2026-07-18 14:03:49.689811+00:00,request_latency,29.95,SUCCESS
2026-07-18 14:03:50.702368+00:00,request_latency,41.25,SUCCESS
2026-07-18 14:03:50.981231+00:00,request_latency,62.48,SUCCESS
2026-07-18 14:03:51.286621+00:00,request_latency,60.65,SUCCESS
2026-07-18 14:03:52.247622+00:00,request_latency,49.26,SUCCESS
2026-07-18 14:03:52.420286+00:00,request_latency,62.44,SUCCESS
2026-07-18 14:03:53.597946+00:00,request_latency,39.04,SUCCESS
2026-07-18 14:03:53.721178+00:00,request_latency,25.88,SUCCESS
2026-07-18 14:03:53.856785+00:00,request_latency,28.41,SUCCESS
2026-07-18 14:03:54.662808+00:00,request_latency,34.51,SUCCESS
2026-07-18 14:03:55.972680+00:00,request_latency,27.61,SUCCESS
2026-07-18 14:03:56.930084+00:00,request_latency,29.98,SUCCESS
2026-07-18 14:03:59.174839+00:00,request_latency,30.8,SUCCESS
2026-07-18 14:03:59.301506+00:00,request_latency,32.84,SUCCESS
2026-07-18 14:04:01.748372+00:00,request_latency,28.15,SUCCESS
2026-07-18 14:04:02.831579+00:00,request_latency,31.11,SUCCESS
2026-07-18 14:04:03.808854+00:00,request_latency,32.82,SUCCESS
2026-07-18 14:04:04.019012+00:00,request_latency,26.77,SUCCESS
2026-07-18 14:04:04.197492+00:00,request_latency,25.83,SUCCESS
2026-07-18 14:04:04.294267+00:00,request_latency,31.24,SUCCESS
2026-07-18 14:04:04.562919+00:00,request_latency,33.51,SUCCESS
2026-07-18 14:04:04.654884+00:00,request_latency,27.51,SUCCESS
2026-07-18 14:04:04.905064+00:00,request_latency,30.85,SUCCESS
2026-07-18 14:04:05.237953+00:00,request_latency,30.5,SUCCESS
2026-07-18 14:04:06.009728+00:00,request_latency,26.7,SUCCESS
2026-07-18 14:04:08.221864+00:00,request_latency,34.93,SUCCESS
2026-07-18 14:04:08.327796+00:00,request_latency,34.28,SUCCESS
2026-07-18 14:04:08.439181+00:00,request_latency,29.3,SUCCESS
2026-07-18 14:04:08.695461+00:00,request_latency,26.06,SUCCESS
2026-07-18 14:04:09.003531+00:00,request_latency,27.96,SUCCESS
2026-07-18 14:04:09.190659+00:00,request_latency,27.05,SUCCESS
2026-07-18 14:04:09.434335+00:00,request_latency,29.54,SUCCESS
2026-07-18 14:04:09.616890+00:00,request_latency,25.96,SUCCESS
2026-07-18 14:04:09.937289+00:00,request_latency,31.5,SUCCESS
2026-07-18 14:04:10.260187+00:00,request_latency,32.92,SUCCESS
2026-07-18 14:04:10.565682+00:00,request_latency,33.44,SUCCESS
2026-07-18 14:04:12.117045+00:00,request_latency,27.27,SUCCESS
2026-07-18 14:04:12.311135+00:00,request_latency,28.46,SUCCESS
